Id;FirstName;LastName;phone;email;city
;Deacon;Davenport;48769923645;non@wp.copl;Pi³a
;George;Mcintosh;48975779987;eu.elit@yahoo.net;Opole
;Zelda;Wolf;48746685672;adipiscing.enim.mi@outlook.com;Olsztyn
;Echo;Erickson;48178378567;ipsum.nunc@yahoo.net;Gliwice
;Kenneth;Quinn;48153927565;tincidunt.neque@icloud.org;Jelenia Góra
;Orla;Mullins;48234527764;in@hotmail.com;Kielce
;Dieter;Oneil;48888631255;lorem.ipsum@outlook.org;Koszalin
;Reece;Brooks;48318437853;duis@icloud.copl;Ostrowiec Œwiêtokrzyski
;Xanthus;Norman;48239669586;quisque.imperdiet@hotmail.org;Kêdzierzyn-KoŸle
;Ulysses;Sanders;48263284723;et@icloud.net;E³k
;Graham;Bennett;48686674375;dignissim.lacus@outlook.copl;Sosnowiec
;Camilla;Gray;48334177347;est.congue@icloud.net;Wroc³aw
;Portia;Hayes;48678574835;tincidunt.pede.ac@interia.net;Olsztyn
;Claire;James;48936621344;sed.et@outlook.com;£om¿a
;Sharon;Winters;48269823771;torquent.per@yahoo.com;Toruñ
;Samuel;England;48818572676;id.enim@hotmail.copl;Gorzów Wielkopolski
;Keiko;Briggs;48343426758;mauris.integer@wp.net;Elbl¹g
;Blake;Chavez;48462685625;sapien@outlook.org;£ódŸ
;Timon;Wooten;48242948544;sagittis.augue.eu@icloud.com;Kraków
;Leigh;Ferrell;48559421782;lorem@outlook.copl;Kêdzierzyn-KoŸle
;Laith;Hayden;48557847524;maecenas@wp.org;Mielec
;Lane;Cohen;48456544439;eu@yahoo.com;Pabianice
;Yetta;Carey;48248762779;integer@google.com;Tczew
;Zeus;Rosales;48653683984;duis.dignissim@icloud.net;Tomaszów Mazowiecki
;Wesley;Vargas;48827728682;sit.amet@icloud.copl;Tarnów
;Henry;Mclaughlin;48544234785;a.purus@yahoo.copl;Pi³a
;Zachery;Reese;48578552823;malesuada.id.erat@icloud.com;Rzeszów
;Barry;Stark;48372555834;pellentesque.massa.lobortis@google.copl;Elbl¹g
;Lucius;Ross;48655534387;fusce@hotmail.copl;Stargard Szczeciñski
;Zachary;Branch;48187371374;neque.sed@google.org;Piotrków Trybunalski
;Janna;Branch;48548484224;libero.morbi@icloud.org;P³ock
;Dante;Roman;48536979658;ante@hotmail.org;Siedlce
;Vladimir;Butler;48755126487;consequat@yahoo.org;Stalowa Wola
;Upton;Workman;48285677257;nullam.ut.nisi@google.net;Tczew
;Shay;Rodgers;48578735967;ipsum@yahoo.org;Bydgoszcz
;Nicholas;Galloway;48383443674;ac@wp.com;P³ock
;Fiona;Mcdowell;48666434692;scelerisque.neque@wp.com;Pabianice
;Lee;Beasley;48353286458;augue@outlook.org;Bia³ystok
;Adrienne;Buck;48245647578;vivamus.nibh.dolor@yahoo.org;Warszawa
;Logan;Lindsey;48997368711;tincidunt@yahoo.org;Toruñ
;Idola;Callahan;48456369374;sodales@outlook.net;Tomaszów Mazowiecki
;Linda;Dennis;48837462266;egestas.duis@yahoo.org;Gorzów Wielkopolski
;Nelle;Wynn;48269686274;semper.egestas.urna@outlook.net;Tomaszów Mazowiecki
;Ira;Neal;48832353939;cursus.in.hendrerit@interia.net;£ódŸ
;Tanner;Moore;48189349384;sapien.aenean.massa@wp.com;P³ock
;Raja;Howard;48986146863;libero.mauris.aliquam@icloud.net;Ostrowiec Œwiêtokrzyski
;Tallulah;Holland;48267938446;aenean@outlook.com;Tczew
;Willa;Cochran;48222997153;neque.vitae@google.copl;£om¿a
;Vance;Rich;48623568782;diam.eu@outlook.org;Rzeszów
;Zachery;Kane;48227833826;morbi.non.sapien@interia.com;Katowice
;Zeus;Richmond;48188376545;est.ac.facilisis@icloud.org;Bydgoszcz
;Bell;Hays;48746185753;dictum.ultricies@yahoo.com;Poznañ
;Ethan;Marshall;48489612746;adipiscing@interia.net;Gdynia
;Maite;Whitley;48348379811;lorem@interia.net;Toruñ
;September;Mclaughlin;48667676884;quis.diam.luctus@wp.copl;Przemyœl
;Ezekiel;Sanders;48657362286;cursus.integer.mollis@google.org;Warszawa
;Baxter;Moreno;48767356278;ultrices.posuere.cubilia@hotmail.com;Stalowa Wola
;Haley;Rose;48419482867;orci.consectetuer@hotmail.net;£ódŸ
;Lillith;Dunn;48478275788;et.magnis.dis@yahoo.copl;Tarnów
;Stephen;Valenzuela;48254748486;eu@interia.net;Szczecin
;Vernon;Gross;48478273217;sem@hotmail.org;Elbl¹g
;Xyla;Hensley;48156688375;in.lorem.donec@wp.org;£om¿a
;Melvin;Mcintyre;48747652734;nascetur@google.copl;Mielec
;Patrick;Cohen;48382687983;egestas.a.dui@yahoo.com;Wa³brzych
;Hu;Richards;48184686812;quisque@yahoo.copl;Olsztyn
;Maisie;Cannon;48727332265;non.lorem@outlook.com;Zamoœæ
;Amir;Curry;48466527248;nullam.lobortis@outlook.org;Gorzów Wielkopolski
;Lara;Kirby;48294482335;bibendum.donec.felis@hotmail.copl;P³ock
;Jenna;Simon;48774335668;habitant.morbi.tristique@icloud.com;Olsztyn
;Debra;Henson;48294525573;nibh@interia.com;Konin
;Armand;Castro;48342356525;neque@google.org;Kielce
;Gareth;Howell;48631741895;fermentum.fermentum@icloud.net;Opole
;Lila;Odom;48978249665;nascetur@icloud.copl;Stargard Szczeciñski
;Noel;Mann;48637474359;curabitur.consequat@outlook.net;Bia³ystok
;Katelyn;Kemp;48435743486;lobortis.ultrices.vivamus@hotmail.copl;Kêdzierzyn-KoŸle
;Shaine;Davis;48834854271;vitae@google.copl;Mielec
;Beau;Bush;48464529314;magna.tellus.faucibus@yahoo.com;Opole
;Amethyst;Castro;48578267327;fermentum.fermentum.arcu@google.com;Kêdzierzyn-KoŸle
;Leslie;Buckley;48459449328;nisl.quisque@yahoo.org;Radom
;Anjolie;Vazquez;48854336273;cursus.in.hendrerit@hotmail.net;Mielec
;Vaughan;Mcdowell;48797135428;hendrerit@yahoo.net;Radom
;Aurelia;Boyer;48834417667;eget.massa@google.net;Kêdzierzyn-KoŸle
;Gwendolyn;Randall;48748293652;mollis@interia.org;Pi³a
;Zeus;Valenzuela;48486188642;integer.urna.vivamus@outlook.net;Gdynia
;Jermaine;Reyes;48588486466;sed.dolor.fusce@yahoo.copl;Poznañ
;Peter;Anthony;48728434234;ipsum.dolor.sit@outlook.copl;Opole
;Hop;Lynn;48747733645;inceptos.hymenaeos.mauris@hotmail.copl;Tczew
;Dieter;Mcguire;48853547221;auctor@yahoo.net;Kêdzierzyn-KoŸle
;Scarlet;Moore;48727814822;ac.orci@wp.com;Lublin
;Wesley;Edwards;48335544791;scelerisque.dui@yahoo.com;Przemyœl
;Olympia;Vinson;48726241735;bibendum.ullamcorper.duis@wp.com;Pabianice
;Scott;Flynn;48397661788;sociosqu.ad@yahoo.com;Bydgoszcz
;Lunea;Barr;48454538154;aliquam.arcu@interia.com;Stalowa Wola
;Molly;Hampton;48694588766;tellus@icloud.net;Gdynia
;Salvador;Fulton;48248193181;magna.sed@icloud.copl;Ostrowiec Œwiêtokrzyski
;Connor;Best;48647219923;augue.id@yahoo.copl;Gorzów Wielkopolski
;Susan;Blanchard;48937612684;tincidunt.adipiscing.mauris@hotmail.org;Kraków
;Wang;Mathews;48735727264;cubilia.curae.donec@yahoo.net;Wa³brzych
;Dolan;Schultz;48438542264;convallis.est@wp.net;Kêdzierzyn-KoŸle
;Andrew;Michael;48977537788;integer.vitae.nibh@icloud.org;Pabianice
;Erasmus;Ramos;48811173666;sem.semper@outlook.org;Pi³a
;Colorado;Lopez;48337753827;nec@interia.copl;Wroc³aw
;Ivana;Chen;48472738851;vestibulum@outlook.copl;Katowice
;Katelyn;Jacobson;48275854753;scelerisque.mollis@yahoo.net;Olsztyn
;Shelley;Dean;48736562521;nam@interia.net;Szczecin
;Caesar;Sanchez;48446735766;sit@icloud.org;Sosnowiec
;Leilani;Harper;48465372675;mus.proin.vel@hotmail.copl;Koszalin
;Xena;Merritt;48497375686;faucibus.leo.in@icloud.net;Bia³a Podlaska
;Hamilton;Webster;48238775742;cubilia.curae@wp.org;Sosnowiec
;Brian;Santana;48852243438;et@yahoo.com;P³ock
;Hedda;Beach;48911437849;mauris@outlook.copl;Olsztyn
;Sawyer;Hill;48154513464;amet@icloud.net;Jelenia Góra
;Cailin;Finley;48654715465;libero.donec@icloud.org;Pabianice
;Bevis;Mcclain;48843885558;duis@outlook.org;E³k
;Maggy;Higgins;48981485677;ut.ipsum@hotmail.copl;£om¿a
;Tarik;Castaneda;48482254783;faucibus.orci.luctus@google.org;Toruñ
;Karina;Gentry;48432454483;sed.eu@wp.org;Stargard Szczeciñski
;Nasim;Carpenter;48416582867;et@wp.copl;Szczecin
;Alfonso;Mcgee;48755899432;venenatis@google.net;Opole
;Slade;Bright;48454774742;eu.neque.pellentesque@interia.net;Olsztyn
;Ezra;Hunter;48191222428;dui@yahoo.copl;Tczew
;Kareem;Merrill;48455364674;nec.luctus@outlook.copl;Bydgoszcz
;Solomon;West;48227655865;tincidunt.congue@interia.net;Starachowice
;Kylan;Winters;48282471523;felis.ullamcorper@google.org;Tarnów
;Joshua;Cabrera;48762441735;amet@icloud.com;Suwa³ki
;Lois;Brown;48266234511;nec.mauris@outlook.net;Bia³a Podlaska
;Dieter;Guerra;48215621174;proin.velit.sed@google.com;Stargard Szczeciñski
;Emmanuel;Brady;48137785775;turpis.egestas@icloud.com;Wa³brzych
;Martena;Haynes;48454576481;lorem.ac@interia.copl;Koszalin
;Rigel;Garrison;48557337422;nam.interdum.enim@outlook.com;Kalisz
;Kylynn;Johnston;48824427325;ornare.tortor@interia.org;S³upsk
;Adrienne;Cannon;48883552687;in.lorem@hotmail.org;Toruñ
;Jackson;Joyce;48138145242;urna.vivamus.molestie@outlook.net;Szczecin
;Lars;Vance;48659977328;integer.mollis.integer@yahoo.copl;Pi³a
;Fallon;Chen;48212722715;risus.duis.a@google.com;Konin
;Jakeem;Parks;48442251778;euismod.et@interia.org;Gorzów Wielkopolski
;Dolan;Hahn;48542622471;nibh@outlook.com;Kielce
;Flynn;Buchanan;48314887883;vel.quam@wp.copl;Wroc³aw
;Yardley;Sawyer;48567827845;at.fringilla@google.com;Toruñ
;Giselle;Rosales;48621589928;non@outlook.org;E³k
;Reagan;O'donnell;48556374287;sed.libero@wp.copl;Kraków
;Veda;Mcclain;48943848554;eu.dui.cum@outlook.org;Zamoœæ
;Tate;Mack;48547894356;mi.tempor@wp.copl;£om¿a
;Ferris;Best;48445757167;ante.nunc.mauris@google.org;Koszalin
;Dolan;Barton;48764284474;imperdiet.nec@outlook.org;Opole
;Cade;Mcdaniel;48157434884;eu.enim@google.copl;Suwa³ki
;Karina;Langley;48618858484;semper@icloud.net;Toruñ
;Camille;Rodgers;48586535455;justo@icloud.net;Kraków
;Stewart;Downs;48658295179;aliquet.nec@interia.com;Kraków
;Dara;Burton;48247976367;vitae.sodales@yahoo.copl;Stargard Szczeciñski
;Drew;Reid;48452569695;odio.phasellus.at@google.org;£om¿a
;Aretha;Hawkins;48347233438;nec@outlook.com;Starachowice
;Ariana;Reid;48483477536;vitae.mauris@outlook.org;Ostrowiec Œwiêtokrzyski
;Graiden;May;48836377487;quis.urna@hotmail.net;Bia³ystok
;Sybill;Hughes;48852293672;dolor.nulla.semper@interia.com;Toruñ
;Whitney;Gomez;48487569943;sed.est@hotmail.org;Gliwice
;Blaze;Kirby;48654516844;sit@wp.org;Opole
;Eric;Bush;48626243722;sed.dictum@google.com;Toruñ
;Sigourney;Roberts;48666726622;mauris.elit.dictum@wp.copl;E³k
;Aladdin;Mclean;48166646647;mauris.eu.elit@google.net;Opole
;Hanae;Collins;48778757716;vitae.risus@hotmail.copl;Stalowa Wola
;Chester;Middleton;48325922775;molestie.orci@hotmail.net;E³k
;Aladdin;Rivers;48355261513;donec@icloud.net;Opole
;Hedley;Schneider;48295882227;nec.malesuada@interia.copl;£ódŸ
;Price;Sawyer;48713443595;sem@yahoo.org;Czêstochowa
;Paula;Franco;48258623364;sed@yahoo.org;Czêstochowa
;Jana;Hopper;48562329824;at.pede@interia.org;£ódŸ
;Bryar;Wall;48842321634;convallis.erat@google.org;Gliwice
;Leslie;Hooper;48228397456;lacinia.sed.congue@yahoo.com;Czêstochowa
;Keaton;Osborn;48825847488;erat.sed@hotmail.org;Mielec
;Vielka;Moss;48692664275;interdum.enim@icloud.copl;£om¿a
;Cruz;Rush;48342835487;ullamcorper.magna@wp.com;Kalisz
;Bryar;Flores;48556532783;sed.est.nunc@wp.net;Katowice
;Colby;Riggs;48822568336;orci.phasellus.dapibus@outlook.com;Kraków
;Penelope;Johnson;48723543645;egestas.sed.pharetra@yahoo.org;Kraków
;Igor;Walters;48684588282;sem.nulla@icloud.net;Kêdzierzyn-KoŸle
;Martin;Witt;48271574627;purus.gravida@hotmail.copl;Radom
;Paula;Pacheco;48175481871;aliquam.adipiscing@google.net;Warszawa
;Ross;Puckett;48727933894;auctor.velit@icloud.com;Gliwice
;Brian;Moody;48693673654;magna.cras@outlook.org;Elbl¹g
;Bryar;Church;48885972137;quam.curabitur@google.copl;Kraków
;Justina;Hughes;48484587629;sollicitudin.orci@yahoo.org;Legnica
;Moses;Beach;48864455619;at.iaculis@google.com;Opole
;Nehru;Schroeder;48535518875;ultricies.adipiscing@hotmail.com;Gorzów Wielkopolski
;Talon;Arnold;48192983523;mauris.eu@yahoo.net;Szczecin
;TaShya;Mcbride;48697272833;parturient.montes@wp.org;Tomaszów Mazowiecki
;Leigh;Brennan;48526689692;at.auctor.ullamcorper@hotmail.com;Starachowice
;Beau;Hamilton;48435765327;eu.ultrices@wp.net;Koszalin
;George;Daugherty;48692125872;lorem.luctus.ut@yahoo.net;Radom
;Angelica;Whitney;48978353866;nec.urna@interia.copl;Toruñ
;Quail;Jenkins;48393546466;vestibulum.ut@google.org;Gdañsk
;Ruth;Gonzalez;48412218272;eu.placerat@hotmail.copl;Kraków
;Colorado;Guerra;48675528977;ac.libero@outlook.org;Katowice
;Barbara;Callahan;48953512288;interdum.enim.non@google.net;Wa³brzych
;Daniel;Wheeler;48549762523;et.nunc@icloud.org;Tomaszów Mazowiecki
;Marny;Kennedy;48282368953;varius@outlook.org;Suwa³ki
;Colin;Spears;48823758322;risus.donec@interia.net;Kalisz
;Bethany;Whitehead;48431125744;ut.ipsum@interia.com;Pi³a
;Baker;Travis;48728776838;sed.dictum@outlook.net;Stalowa Wola
;Kimberly;Giles;48848671658;libero@yahoo.org;Tarnów
;Yolanda;Shelton;48567862594;cursus.purus.nullam@hotmail.copl;Zielona Góra
;Blake;Livingston;48589267854;bibendum.fermentum@hotmail.net;Warszawa
;Stephen;Mcguire;48816794732;diam.lorem@outlook.com;Starachowice
;Kasimir;Glenn;48274874994;ultrices.posuere@yahoo.copl;Tczew
;Cleo;Meyers;48344664772;a.purus@interia.org;Bia³a Podlaska
;Lyle;Hyde;48674561166;a.magna.lorem@yahoo.org;Tczew
;Ishmael;Golden;48468243848;tellus.non.magna@wp.net;Szczecin
;Benedict;Mills;48385223239;a.feugiat@yahoo.copl;E³k
;Addison;Haynes;48232325326;massa@google.net;£ódŸ
;Leilani;Fowler;48226113862;ac.urna.ut@yahoo.net;S³upsk
;Adena;Owens;48246246484;nec.luctus.felis@interia.copl;Zielona Góra
;Lamar;Bird;48467812514;mauris@wp.copl;Ostrowiec Œwiêtokrzyski
;Shannon;Massey;48777658976;aliquet.vel.vulputate@wp.org;Tarnów
;Nevada;Rodgers;48986693475;adipiscing@yahoo.org;Pi³a
;Alexis;Dalton;48327825472;tellus.lorem.eu@outlook.com;Gdynia
;Mohammad;Gray;48866785136;arcu.aliquam.ultrices@interia.org;Bydgoszcz
;Lee;Bennett;48272565417;feugiat@yahoo.net;Gdañsk
;Ainsley;Gillespie;48699854383;quisque.imperdiet.erat@wp.copl;Radom
;Adrienne;Jones;48826257528;quis.diam.luctus@hotmail.org;Szczecin
;Aretha;Austin;48556636283;vitae@google.org;Gliwice
;Zane;Riddle;48867734221;non.leo@icloud.org;Piotrków Trybunalski
;Candice;Witt;48515752777;lorem@google.org;Zielona Góra
;Ignacia;Grant;48285693683;eleifend.egestas@yahoo.copl;Opole
;Genevieve;Berry;48162264848;neque.nullam.nisl@interia.org;Ostrowiec Œwiêtokrzyski
;Simone;Wheeler;48726834396;blandit@hotmail.net;Rzeszów
;Gareth;Gilmore;48638738838;hendrerit.neque.in@google.net;Szczecin
;Jermaine;Meadows;48436135649;proin@interia.copl;Gorzów Wielkopolski
;Calvin;Miller;48652626576;mauris.sapien@interia.net;Mielec
;Cedric;Jenkins;48478861386;donec.nibh@wp.com;Opole
;Damon;Dean;48222675239;diam.dictum@outlook.com;Gdynia
;Candice;Stout;48512549151;massa.vestibulum@hotmail.copl;Stalowa Wola
;Ali;Gay;48854355238;ut.quam@google.com;E³k
;Barrett;Keith;48492723712;a.ultricies@interia.org;Gdynia
;Maile;Cameron;48843514826;neque.non@interia.copl;Tczew
;Chandler;Farley;48367876265;vivamus.nibh.dolor@google.com;Tomaszów Mazowiecki
;Ciara;Parrish;48537342354;non.hendrerit@outlook.org;Kêdzierzyn-KoŸle
;Kitra;Richard;48498758775;nec.euismod@wp.org;E³k
;Kennedy;Silva;48844438379;quam.quis.diam@icloud.net;Katowice
;Cedric;Griffith;48137328362;lobortis.nisi@icloud.net;Zielona Góra
;Sylvester;Wise;48378652464;nam.interdum@hotmail.com;Tarnów
;Jocelyn;Dodson;48553364751;primis.in@google.com;Gdynia
;Rahim;Frost;48572743574;nulla@yahoo.com;Mielec
;Wing;Knowles;48976253634;vulputate.risus.a@google.com;Elbl¹g
;Fredericka;Calhoun;48517386123;elit.sed.consequat@icloud.com;Starachowice
;Marny;Clemons;48433386264;magna@outlook.org;Opole
;Rhona;Thompson;48411738746;semper.auctor@icloud.net;Koszalin
;Warren;George;48557255662;sed@interia.net;Przemyœl
;Logan;Johnston;48868185822;mus.proin@google.org;E³k
;Aladdin;Harris;48892498978;donec.est@hotmail.copl;Tomaszów Mazowiecki
;Benedict;Jarvis;48375325327;neque.venenatis@outlook.com;Czêstochowa
;Aidan;Roy;48822643289;tellus.nunc@interia.net;Przemyœl
;Lawrence;Moss;48857875194;mauris.non.dui@yahoo.org;£ódŸ
;Claudia;Gay;48688617756;nibh.lacinia@hotmail.copl;Olsztyn
;Mufutau;Gardner;48773333654;velit@yahoo.copl;Tarnów
;Sybil;Holloway;48536613247;mi.ac.mattis@outlook.com;Zielona Góra
;Callum;Ferguson;48664558159;leo.elementum@hotmail.com;Suwa³ki
;Gavin;Tucker;48573758642;nulla.dignissim@hotmail.net;Bia³ystok
;Emily;Chase;48248476854;ligula.aliquam.erat@yahoo.copl;Bia³ystok
;Lucas;Burton;48552867867;in.hendrerit@yahoo.net;Wroc³aw
;Lois;Lowery;48746533427;consectetuer@icloud.copl;Wa³brzych
;Ginger;Christian;48985645858;taciti@wp.net;Koszalin
;Guinevere;Hayes;48547221774;morbi.tristique.senectus@icloud.org;Mielec
;Quemby;Rogers;48576584483;egestas.fusce.aliquet@outlook.org;Zamoœæ
;Shay;Wilson;48433133746;nibh.lacinia@outlook.org;Legnica
;August;Tanner;48863595762;ac.mattis@interia.com;Gdañsk
;Caldwell;Strong;48277978841;eu@interia.copl;Kêdzierzyn-KoŸle
;Adria;Woods;48296298311;quisque.varius@wp.copl;Opole
;Yvonne;Ball;48678242828;magna.praesent@icloud.copl;Elbl¹g
;Zena;Velasquez;48743778188;aliquam@interia.com;Stalowa Wola
;Adena;Dudley;48512332492;pharetra@wp.com;Poznañ
;Seth;Noble;48679812259;nullam.enim.sed@yahoo.copl;Gorzów Wielkopolski
;Zeus;Norton;48548744277;condimentum@icloud.com;Toruñ
;Hamish;Bryan;48639797612;dui.augue.eu@yahoo.copl;Koszalin
;Logan;Trujillo;48735557573;rhoncus@hotmail.net;Kielce
;Otto;Valenzuela;48595356685;sapien.cursus@google.net;Gorzów Wielkopolski
;Chantale;O'Neill;48715378629;porttitor.eros@wp.copl;£om¿a
;Isaiah;Bolton;48832289469;tristique@interia.net;Sosnowiec
;Shelley;Serrano;48257228964;non.leo@icloud.org;E³k
;Mark;Zamora;48575624273;dolor@icloud.org;Bia³ystok
;Morgan;Sims;48777341232;nulla.magna@yahoo.net;Elbl¹g
;Shea;Pittman;48843986261;mi.felis@outlook.net;E³k
;Cade;Nunez;48672271763;ornare.fusce.mollis@yahoo.copl;Elbl¹g
;Josephine;Gilbert;48336955785;pellentesque.ut@hotmail.net;Kêdzierzyn-KoŸle
;Kai;Cleveland;48834886779;consequat.lectus@icloud.copl;Gdynia
;Darius;Watts;48893863459;in.tincidunt@interia.net;Wroc³aw
;Olivia;Suarez;48684933525;luctus.et@hotmail.net;Olsztyn
;Madeline;Rhodes;48125263287;et.lacinia@hotmail.org;Czêstochowa
;Hashim;Tillman;48284329588;sem.consequat.nec@yahoo.net;Jelenia Góra
;Byron;Pena;48551497842;montes.nascetur@outlook.copl;Stargard Szczeciñski
;Amber;Guy;48785816598;enim@google.org;Bydgoszcz
;Indigo;Sullivan;48361278478;odio.auctor@icloud.com;Warszawa
;Marny;Nolan;48848633483;cursus.diam.at@wp.copl;Czêstochowa
;Madaline;Chapman;48366546751;erat.volutpat@hotmail.net;E³k
;Quyn;Whitaker;48122215879;quam@yahoo.org;Konin
;Cade;Flores;48972587481;in.nec.orci@icloud.net;Bia³ystok
;Erasmus;Kennedy;48855345973;in.hendrerit@interia.org;Legnica
;Alfreda;Morrow;48469187539;erat.semper@yahoo.net;Siedlce
;Noel;Oliver;48553397635;arcu.curabitur.ut@hotmail.net;Jelenia Góra
;Pamela;Ruiz;48695774228;neque.nullam.ut@hotmail.copl;Zamoœæ
;Jada;Rutledge;48825583345;enim.non@hotmail.copl;Wa³brzych
;Laura;Sykes;48675158386;donec.fringilla@google.com;Bia³ystok
;Dahlia;Farrell;48222154427;mauris@interia.com;Elbl¹g
;Christopher;Fuller;48418521553;nibh.donec@outlook.org;Katowice
;Lyle;Roberts;48878225247;nec.tellus@interia.com;Poznañ
;Tallulah;Figueroa;48996437185;sed.dui@google.org;Lublin
;Rudyard;Burgess;48857568395;aliquam.eu@hotmail.org;Kraków
;Marcia;Burch;48973634548;cras.eu@interia.copl;Kielce
;Herman;Hodge;48748536843;eros.turpis.non@interia.org;Che³m
;Hamish;Santiago;48116164924;fermentum.arcu@wp.net;Bia³ystok
;Nyssa;Jordan;48567256276;duis.gravida.praesent@wp.net;Bia³a Podlaska
;Ashton;Bishop;48577876599;neque@hotmail.com;Poznañ
;Chaim;Walker;48985447519;auctor.vitae@yahoo.com;Suwa³ki
;Zorita;Atkinson;48927178721;nulla.integer@wp.copl;Toruñ
;Charde;Hawkins;48447152152;nunc.sed@wp.copl;Olsztyn
;Bryar;Shepherd;48559157858;ante.bibendum@icloud.copl;Radom
;Dolan;Moreno;48994699734;aliquam.enim.nec@interia.copl;Ostrowiec Œwiêtokrzyski
;Hilda;Wolfe;48875785816;tincidunt.nibh.phasellus@hotmail.org;Elbl¹g
;Noelani;Hicks;48698356619;egestas@interia.copl;Radom
;Yvonne;Bentley;48468347562;est@outlook.org;Elbl¹g
;Kevin;Puckett;48653585285;mi.tempor.lorem@yahoo.org;Lublin
;Ashely;Petersen;48787743685;metus.vivamus.euismod@interia.net;Toruñ
;Ivana;Dennis;48758524221;elementum.dui@yahoo.net;E³k
;Florence;Jackson;48554597298;mi.enim@interia.org;Piotrków Trybunalski
;Lee;Thompson;48466374345;lorem.sit.amet@interia.copl;P³ock
;Iona;Marsh;48355588952;et.lacinia.vitae@wp.com;Elbl¹g
;Colby;Kerr;48633456266;fusce.fermentum.fermentum@interia.org;Tarnów
;Valentine;Holder;48294329738;mattis.ornare@yahoo.com;Legnica
;Sacha;Clark;48265576876;vulputate.risus@interia.net;Ostrowiec Œwiêtokrzyski
;Ronan;Zamora;48367538589;lectus.a.sollicitudin@hotmail.org;Poznañ
;Dexter;Mendoza;48516211679;laoreet.libero@interia.org;Poznañ
;Xena;Benson;48918663329;in.scelerisque.scelerisque@google.com;Suwa³ki
;Hamilton;Contreras;48671255447;arcu.iaculis.enim@google.org;Gorzów Wielkopolski
;Tatyana;Cantu;48824944544;enim.gravida@icloud.copl;Radom
;Jeanette;Holcomb;48121598293;phasellus.at@icloud.net;£om¿a
;Ian;Wall;48212362856;fusce@wp.net;Tarnów
;Sopoline;Dorsey;48562636698;dui.suspendisse.ac@yahoo.com;S³upsk
;Orli;Riggs;48476883226;aliquet.libero.integer@interia.copl;£ódŸ
;Keely;Chan;48435216375;sodales.at.velit@hotmail.copl;Starachowice
;Marsden;Sawyer;48531849775;libero.mauris@icloud.org;Kraków
;Imani;Arnold;48756835553;sollicitudin.adipiscing.ligula@hotmail.copl;Gorzów Wielkopolski
;Zia;Justice;48529452582;rutrum.magna@hotmail.copl;Tarnów
;Lilah;Haley;48922654727;vestibulum.nec.euismod@icloud.com;Katowice
;Ashely;Edwards;48884438626;varius@google.net;Lublin
;Channing;Ingram;48856331378;nec.cursus@hotmail.net;Kalisz
;Quentin;Wooten;48736152728;eu.euismod@icloud.net;Pi³a
;Colby;Roberts;48274727982;sed.sem@yahoo.copl;Kielce
;Josephine;Goff;48179222843;ante.nunc.mauris@wp.com;Konin
;Rashad;Hatfield;48794298856;est.ac.facilisis@wp.net;Olsztyn
;Serena;Santos;48847168667;penatibus.et@icloud.com;Kêdzierzyn-KoŸle
;Lynn;Goodman;48656392578;proin.vel@icloud.org;Zamoœæ
;Calvin;Pratt;48635298945;nec.mollis@wp.com;P³ock
;Sharon;Joyner;48338678285;eget.ipsum.donec@google.copl;Koszalin
;Carla;Potter;48752234578;viverra.donec@interia.com;Gliwice
;Delilah;Riley;48466791254;eu.euismod.ac@yahoo.org;S³upsk
;Jolie;Faulkner;48174558725;orci@outlook.com;Kêdzierzyn-KoŸle
;Olga;Peterson;48717841723;mollis.non.cursus@wp.org;Legnica
;Maile;Mendoza;48685586657;libero.morbi.accumsan@interia.com;Kêdzierzyn-KoŸle
;Hall;Hogan;48861257785;gravida@icloud.org;£om¿a
;Derek;Austin;48722328453;ligula.tortor@interia.com;Gdynia
;Dylan;Mcdowell;48623247424;eu.accumsan@interia.copl;Gorzów Wielkopolski
;Nathaniel;Zamora;48938737347;senectus.et@yahoo.copl;Kêdzierzyn-KoŸle
;Ebony;Ratliff;48183858473;lacus.pede@icloud.org;Wroc³aw
;Martena;Jones;48128436631;at.auctor@icloud.org;Stargard Szczeciñski
;Connor;Mccall;48534877576;luctus.lobortis.class@wp.copl;Poznañ
;Colby;Hudson;48784494285;nulla.tincidunt@hotmail.org;Gorzów Wielkopolski
;Amelia;Burt;48668782648;semper.egestas@yahoo.com;Toruñ
;Ezra;Hooper;48785694243;quis.massa.mauris@outlook.org;Bia³a Podlaska
;Lillian;Perez;48182933796;enim.commodo.hendrerit@outlook.net;Bia³ystok
;Rooney;Maldonado;48885237954;ipsum.primis@google.com;Mielec
;Dustin;Mendoza;48633745435;ante.vivamus@icloud.com;Konin
;Rhonda;Hutchinson;48332783433;egestas.fusce.aliquet@interia.copl;Stalowa Wola
;Todd;Cobb;48111562238;fermentum@yahoo.org;Zielona Góra
;Cheryl;Henson;48217844526;sit@hotmail.copl;Stargard Szczeciñski
;Jada;Dyer;48226769488;interdum@wp.copl;Gorzów Wielkopolski
;Uriel;Hood;48744255658;ridiculus.mus@google.com;Kalisz
;Matthew;Garrett;48289385319;donec@yahoo.com;Gdañsk
;Kelsie;Ochoa;48346646463;fusce.diam@interia.com;Przemyœl
;Mechelle;Blackburn;48223272394;enim.suspendisse.aliquet@google.org;Suwa³ki
;Madonna;Vasquez;48742723377;nisi.dictum@icloud.com;Kêdzierzyn-KoŸle
;Galena;Huber;48381442247;eros@google.copl;Koszalin
;Wendy;Hebert;48899372774;scelerisque@interia.copl;Zielona Góra
;Reagan;Woodard;48783648654;et.ultrices@wp.net;E³k
;Carolyn;Riggs;48279643286;auctor.velit@icloud.net;Suwa³ki
;Zephr;Fulton;48223536483;convallis@wp.copl;Tczew
;Gavin;Huffman;48366783231;orci.luctus@hotmail.com;Lublin
;Sheila;Campos;48677123668;arcu.morbi@yahoo.org;Starachowice
;Ella;Goodwin;48788225772;cursus.in@interia.com;Gorzów Wielkopolski
;Donna;Kent;48632467237;in.hendrerit.consectetuer@yahoo.org;Piotrków Trybunalski
;Reed;Head;48628623279;quam.dignissim@interia.com;Suwa³ki
;Shana;Cline;48485544578;odio.phasellus.at@hotmail.org;Gdañsk
;Adena;Perez;48839742383;a.aliquet@hotmail.copl;Siedlce
;Odysseus;Reid;48523356649;nullam.velit@interia.copl;Che³m
;Lev;French;48597187276;a.magna.lorem@outlook.copl;Piotrków Trybunalski
;Mariko;William;48485462267;consectetuer.adipiscing@yahoo.net;Bydgoszcz
;Merritt;Moran;48681114346;orci.ut@wp.com;Zielona Góra
;Kareem;Boone;48565347833;ut.ipsum.ac@icloud.copl;Tarnów
;Kiayada;Dodson;48165478766;dolor.sit.amet@yahoo.net;Bia³ystok
;Paloma;Crosby;48215967819;metus.aenean@hotmail.org;Kielce
;Brianna;Simpson;48123899966;laoreet.lectus@outlook.net;Lublin
;Barbara;Mayer;48764835383;fringilla@outlook.org;Kielce
;Vanna;Acevedo;48843652171;eu.enim@hotmail.com;Kêdzierzyn-KoŸle
;Buffy;Mullins;48713387366;felis.nulla.tempor@yahoo.com;Katowice
;Zachery;Ingram;48484372147;semper@outlook.com;Pabianice
;Emery;Booker;48274242574;curabitur.dictum@hotmail.net;Gliwice
;Celeste;Craig;48515444274;eget.massa.suspendisse@hotmail.org;£om¿a
;Virginia;Guerrero;48779762888;pellentesque.eget@hotmail.net;Tarnów
;Ali;Christian;48968376714;elit.pede@google.copl;Warszawa
;Ezekiel;Rich;48523572766;at.augue@yahoo.org;Piotrków Trybunalski
;Macon;Armstrong;48147148682;egestas.blandit@wp.com;Tarnów
;Lee;Stout;48431233468;ornare.facilisis.eget@interia.com;Bydgoszcz
;Melissa;Mckinney;48395258576;consectetuer.mauris@outlook.copl;Tarnów
;Jin;Floyd;48562232834;amet@yahoo.net;Gdañsk
;Camilla;Lowe;48795727778;eu.tellus@wp.org;Kielce
;Ursula;Rojas;48382366779;quam@wp.copl;Bydgoszcz
;Barbara;Richard;48684712664;auctor.mauris.vel@hotmail.copl;Siedlce
;Edward;Hogan;48223662361;leo.in@outlook.net;Rzeszów
;Amity;Diaz;48687572876;libero@wp.copl;Ostrowiec Œwiêtokrzyski
;Sylvester;Houston;48622363561;integer.urna.vivamus@google.copl;Katowice
;Savannah;Patrick;48963333469;non.leo.vivamus@wp.copl;Opole
;Tiger;Richard;48884334996;nisl.quisque@yahoo.com;Opole
;Leila;Whitaker;48399943952;sodales@icloud.org;Warszawa
;Leah;Barnes;48255863374;in.sodales@icloud.com;Zielona Góra
;MacKenzie;Miranda;48639745527;eget@interia.copl;Legnica
;Indigo;Mendoza;48928638635;eros@icloud.net;Toruñ
;Edan;Good;48576465422;ipsum.ac.mi@wp.com;Wroc³aw
;Boris;Contreras;48584142777;porttitor@hotmail.copl;£om¿a
;Tamara;Barr;48334195459;integer.urna@icloud.com;Kêdzierzyn-KoŸle
;Nadine;Nelson;48447889294;nunc@outlook.copl;Starachowice
;Alice;Bolton;48282538651;mus.proin@hotmail.com;Gorzów Wielkopolski
;Kelly;Mcgowan;48443282256;sed.nunc@icloud.com;Pi³a
;Charles;Gay;48665245127;eleifend.non@hotmail.com;Bia³a Podlaska
;Aspen;Johnston;48861417226;sit.amet.ornare@icloud.com;Suwa³ki
;Sheila;Hess;48317684435;et.magnis@yahoo.org;Bia³a Podlaska
;Ezra;Howard;48774453874;dolor.fusce@icloud.com;Poznañ
;Brian;Rosa;48917444258;tortor.dictum.eu@google.org;Kêdzierzyn-KoŸle
;Dorothy;Rollins;48762531464;sapien.molestie@outlook.copl;Stargard Szczeciñski
;Isaiah;Dunn;48758146243;aenean@hotmail.org;Rzeszów
;Ethan;Grant;48548455416;vitae.erat@outlook.com;Kêdzierzyn-KoŸle
;Reuben;Leonard;48826641287;egestas.blandit@outlook.com;Bydgoszcz
;Brett;Short;48852637672;dui@google.copl;Wroc³aw
;Maia;Rocha;48559456239;odio.sagittis@google.com;Tarnów
;Neil;Levy;48583765872;sapien.molestie@google.net;Bydgoszcz
;Magee;Ford;48374987559;malesuada.augue@outlook.net;Radom
;Denise;Bender;48337368824;vivamus@wp.com;Stalowa Wola
;Flavia;Cantrell;48254253143;enim.curabitur.massa@wp.copl;Ostrowiec Œwiêtokrzyski
;Ali;Ramos;48725447874;mauris@hotmail.copl;Zamoœæ
;Steven;Ramirez;48452464547;neque.nullam@hotmail.com;Bydgoszcz
;Leslie;Bradley;48844488167;faucibus.orci@interia.net;Kêdzierzyn-KoŸle
;Martha;Valenzuela;48441767667;enim.consequat@google.com;Kêdzierzyn-KoŸle
;Libby;Macdonald;48241227461;luctus@hotmail.copl;Czêstochowa
;Quail;Garcia;48947453913;consequat.lectus@google.org;Bia³a Podlaska
;Mufutau;Joyner;48575381487;enim.etiam@outlook.org;Bia³ystok
;Otto;Tillman;48282467287;eu.eleifend@hotmail.org;Katowice
;Troy;Gilmore;48286132623;dolor.nulla.semper@google.org;S³upsk
;Ivor;Thornton;48227853283;arcu@yahoo.copl;Bia³a Podlaska
;Desiree;Solis;48824292362;sed@google.net;Bia³a Podlaska
;Amber;Dillon;48235162656;nascetur.ridiculus@hotmail.org;Olsztyn
;Kessie;Harmon;48781855356;sed.facilisis@outlook.org;P³ock
;Scott;Knowles;48796437127;sed.consequat@icloud.copl;Zamoœæ
;Ella;Klein;48171486938;auctor.ullamcorper@yahoo.org;Olsztyn
;Ima;Mills;48556212527;semper.egestas.urna@wp.net;Przemyœl
;Abbot;Floyd;48673621622;nibh.sit@yahoo.com;£ódŸ
;Jakeem;Burt;48388433256;iaculis.odio@wp.com;Suwa³ki
;Shannon;Giles;48712736372;libero.et@yahoo.net;Stargard Szczeciñski
;Dominique;Burnett;48134693718;lacus.quisque@hotmail.copl;Katowice
;Octavia;Short;48398275818;vitae@google.copl;Legnica
;Zahir;Kinney;48572836256;felis@wp.net;Tarnów
;Thane;Bartlett;48582216589;vivamus.molestie.dapibus@yahoo.com;Bia³ystok
;Melanie;Macias;48323656557;sociis@hotmail.com;Szczecin
;Lael;Lucas;48668458578;bibendum.sed@icloud.net;Gorzów Wielkopolski
;Nina;Shannon;48461316344;a@yahoo.net;Pabianice
;Cassady;Vazquez;48722451325;cras.eu@google.copl;Gliwice
;Murphy;Ferrell;48239261665;tincidunt@interia.org;Bia³ystok
;Declan;Rowland;48584318636;iaculis.enim@icloud.com;Koszalin
;Alfonso;Miranda;48844444382;neque.sed@yahoo.org;Pabianice
;Brett;Downs;48176786217;mauris.nulla@google.net;Elbl¹g
;Gavin;Stephens;48725245876;posuere.at@wp.org;Zamoœæ
;Clinton;Short;48382825888;imperdiet.nec@google.copl;S³upsk
;Nina;Woodard;48282849738;suspendisse.commodo@interia.copl;Warszawa
;Tyler;Lloyd;48825495317;tempor.augue@outlook.org;Bia³a Podlaska
;Vera;Salazar;48822947143;sagittis@wp.com;P³ock
;Kyle;Walsh;48757823982;suspendisse.eleifend@hotmail.net;Wroc³aw
;Kevyn;Duke;48863673356;vitae@interia.org;Kraków
;Benjamin;Walters;48716287843;elementum.lorem@google.copl;Bydgoszcz
;Connor;Parrish;48982533523;elementum.dui@outlook.org;Konin
;Kirby;Watts;48356646673;eu.turpis@hotmail.com;Pabianice
;Ciara;Weber;48531145639;pretium.et.rutrum@yahoo.org;Gorzów Wielkopolski
;Evelyn;Mcneil;48396146926;porta.elit@hotmail.copl;Konin
;Serena;Bennett;48725523895;metus.aliquam@google.net;Bia³a Podlaska
;Duncan;Moody;48525862321;nunc.sollicitudin.commodo@outlook.net;Katowice
;Hakeem;Pugh;48668518596;non@google.net;Legnica
;Adara;Wilcox;48654133626;arcu.sed@google.org;Konin
;Latifah;Donovan;48269314749;risus.quis.diam@hotmail.com;Zielona Góra
;Dara;Burris;48376571757;a.malesuada@interia.org;E³k
;Lenore;Hahn;48866123122;vitae.sodales@google.org;Ostrowiec Œwiêtokrzyski
;Felix;Anderson;48627755277;ut.sem.nulla@yahoo.org;Ostrowiec Œwiêtokrzyski
;Eugenia;Bird;48352824673;arcu.vel@interia.copl;Bydgoszcz
;Florence;Bryant;48792382562;magna.nam.ligula@icloud.com;Pabianice
;Mason;Jones;48763389723;nunc.sollicitudin.commodo@google.com;Stargard Szczeciñski
;Wing;Ayers;48727483396;etiam.bibendum@yahoo.net;Starachowice
;Herman;Fleming;48447624823;ridiculus.mus@google.copl;Starachowice
;Harlan;Santiago;48567471691;id@google.copl;Gliwice
;Xena;Hurst;48584484272;sed.eu@interia.com;Gorzów Wielkopolski
;Drew;Eaton;48174377462;elit.fermentum.risus@yahoo.net;Stargard Szczeciñski
;Zachery;Wilson;48346248121;auctor.mauris.vel@interia.copl;Pabianice
;Ria;Hebert;48237143528;justo@yahoo.net;Tarnów
;Harrison;Chapman;48626799722;vulputate.posuere@yahoo.org;P³ock
;Curran;O'brien;48623488773;pede.nunc@yahoo.copl;Stargard Szczeciñski
;Jeanette;Bauer;48664125625;sed.leo@google.net;Mielec
;Nerea;Peters;48827322547;elit.pharetra@yahoo.net;Lublin
;Herman;Weiss;48526975725;vivamus.nisi@hotmail.net;Konin
;Sharon;Aguirre;48655842785;nunc.ac@hotmail.org;Katowice
;Charde;Schultz;48723375887;orci.donec.nibh@yahoo.net;E³k
;Lee;Banks;48688348812;pellentesque@icloud.net;Bydgoszcz
;Imogene;Abbott;48845351565;mattis.velit.justo@hotmail.com;Gorzów Wielkopolski
;Rhea;Valentine;48331813882;diam.luctus@outlook.net;Warszawa
;Wang;Perez;48957487672;tincidunt.pede@icloud.com;Suwa³ki
;Amal;Hampton;48279333864;scelerisque.dui@interia.com;P³ock
;Marny;Johns;48651445363;quisque.nonummy.ipsum@yahoo.com;Mielec
;Yetta;Serrano;48687574953;neque.morbi@icloud.net;Czêstochowa
;Colette;Contreras;48276643695;sed.nunc@google.copl;Szczecin
;Lara;Crawford;48818645367;vehicula.et@wp.net;E³k
;Malik;Hartman;48771582162;urna.nullam@icloud.net;Konin
;Gavin;Zamora;48312422448;mattis.semper@yahoo.copl;Olsztyn
;Lars;Pena;48166142334;non.sollicitudin@yahoo.copl;Gdañsk
;Darrel;Cooley;48225848357;vulputate.posuere.vulputate@icloud.copl;Kêdzierzyn-KoŸle
;Blake;Burnett;48736993772;nec@google.copl;S³upsk
;Natalie;Washington;48563613773;nec.ligula@icloud.org;Tarnów
;Melinda;Mcintyre;48783775255;faucibus@hotmail.org;Bydgoszcz
;Madeson;Cline;48442453452;in.lobortis@outlook.copl;£om¿a
;Natalie;Terry;48518352963;dui@icloud.org;Tomaszów Mazowiecki
;Gretchen;Reyes;48383414274;gravida.molestie@yahoo.com;Stargard Szczeciñski
;Sonia;Montgomery;48827568558;est.mauris@icloud.com;Rzeszów
;Hilel;Blackwell;48323481637;ipsum@hotmail.org;Kraków
;Demetria;Drake;48853373493;consectetuer.euismod@interia.net;Gliwice
;Gemma;Rios;48889272244;justo@wp.com;Tarnów
;Abraham;Rosales;48188972464;velit@icloud.org;Opole
;Steven;Mcpherson;48763738882;non.enim.mauris@outlook.org;Zielona Góra
;Perry;Weiss;48711456778;nunc.est.mollis@interia.com;Pabianice
;Gay;Horton;48538938455;hendrerit.id.ante@outlook.org;Koszalin
;Kyle;Hyde;48674222273;tempus@hotmail.net;Stalowa Wola
;Courtney;Castaneda;48662227336;velit.justo.nec@hotmail.net;E³k
;Chava;Patel;48638389555;proin@outlook.net;Tarnów
;Oscar;Rivers;48234238962;sem.magna@yahoo.net;Poznañ
;Regina;May;48883836617;mattis.integer@hotmail.org;Zielona Góra
;Herrod;Holloway;48925736372;pede.praesent@interia.org;£ódŸ
;Megan;Glass;48688143632;lobortis.quam@outlook.net;Kraków
;Kelsey;Bauer;48431769314;augue.eu@outlook.copl;Starachowice
;Armand;Morin;48139287638;velit@google.copl;Kielce
;Maisie;Sawyer;48424482824;turpis.nec@hotmail.org;Tomaszów Mazowiecki
;Channing;Figueroa;48967711211;donec.at@google.copl;Starachowice
;Ezekiel;Mcguire;48575467863;nisl.arcu.iaculis@icloud.com;Warszawa
;Keaton;Beck;48342243265;vel.arcu.eu@icloud.net;Kraków
;Bradley;Marshall;48674544878;ipsum.dolor@yahoo.copl;Gorzów Wielkopolski
;Carlos;Duran;48948978852;vel.pede.blandit@wp.com;Pabianice
;Brock;Estes;48578143442;turpis.egestas.aliquam@hotmail.copl;Pi³a
;Wade;Glover;48988722736;cursus.a@google.copl;E³k
;Adrian;Rojas;48346432466;egestas@yahoo.copl;Bydgoszcz
;Tamekah;Roth;48725647185;adipiscing.lobortis.risus@google.net;Tczew
;Chastity;Meyers;48664646428;vivamus@hotmail.copl;Szczecin
;Jolene;George;48294464532;adipiscing.mauris.molestie@google.copl;Bydgoszcz
;Jonah;Tillman;48597623378;in.faucibus@icloud.copl;Przemyœl
;Autumn;Sheppard;48653346266;morbi.tristique@icloud.copl;Opole
;Aphrodite;Welch;48372922844;convallis.ante@yahoo.org;Szczecin
;Tashya;Riddle;48715317526;lectus.rutrum.urna@yahoo.net;Stargard Szczeciñski
;Heidi;Gaines;48141968876;enim.consequat@google.copl;Kêdzierzyn-KoŸle
;Deirdre;Thomas;48336345878;scelerisque.dui@google.com;Olsztyn
;Callum;Brock;48673743693;hendrerit@yahoo.net;Sosnowiec
;Shafira;Gilmore;48772585338;et.nunc.quisque@interia.org;Kalisz
;Jin;Parrish;48556812733;et.magnis.dis@google.net;Zielona Góra
;Marah;Bates;48663278733;ultrices.vivamus@interia.copl;Kêdzierzyn-KoŸle
;Bethany;Harvey;48719822357;dis.parturient@google.net;Poznañ
;Selma;Powers;48385262838;vivamus.non.lorem@wp.net;Piotrków Trybunalski
;Erasmus;Simon;48882521851;vitae.risus.duis@wp.org;P³ock
;Barclay;Norman;48196928444;sagittis.semper@google.copl;Toruñ
;Kareem;Powell;48473148297;arcu.sed@icloud.org;Suwa³ki
;Jana;Cotton;48612743385;ipsum.suspendisse@yahoo.net;Siedlce
;Cynthia;Stevens;48626224895;justo@google.com;E³k
;Otto;Wells;48287165228;vitae.diam@google.org;Koszalin
;Noble;Campbell;48194576849;nunc.mauris.elit@wp.com;Zielona Góra
;Zahir;Stevens;48764888955;fames.ac@google.copl;Radom
;Forrest;Buck;48715484535;ipsum@icloud.org;Zielona Góra
;Briar;Montgomery;48544144241;ut@wp.org;Mielec
;Blaze;Newton;48542725293;non@yahoo.org;Zielona Góra
;Jorden;Miles;48988832454;proin.vel.arcu@yahoo.com;Kêdzierzyn-KoŸle
;Travis;Waters;48776656572;duis.mi@icloud.org;Stalowa Wola
;Armand;Galloway;48574773149;orci.donec@interia.org;Tarnów
;Inga;Erickson;48673755296;tristique.pellentesque@outlook.org;P³ock
;Judah;Mccullough;48895383683;praesent@google.net;Piotrków Trybunalski
;Bree;Shepard;48243443769;nibh.enim@google.com;Tomaszów Mazowiecki
;Randall;Johnston;48325596386;ipsum.primis@yahoo.net;Rzeszów
;Roary;Bradley;48271837725;vehicula.aliquet@icloud.org;Konin
;Nyssa;Gilliam;48113593723;aliquam.rutrum@google.org;Gdañsk
;Rae;Barker;48865481796;purus.gravida@outlook.org;Czêstochowa
;Yasir;Clarke;48599938557;nunc.mauris@yahoo.com;Starachowice
;Hanae;Pollard;48835371536;non.lobortis.quis@icloud.com;Elbl¹g
;William;Kelley;48768122645;ipsum.non@icloud.net;Czêstochowa
;Tatum;Kirkland;48723871746;nulla.facilisi@interia.org;E³k
;Robin;Pickett;48252643638;odio.nam@wp.copl;Kielce
;Mariam;Thornton;48983732876;nonummy@outlook.copl;Poznañ
;Angelica;Bell;48461968363;dui.augue@interia.net;Kraków
;Vincent;Conrad;48756788519;eu.turpis@wp.net;Czêstochowa
;Meghan;Bright;48847482384;nec@yahoo.com;Tczew
;Gregory;Cochran;48575684235;vitae.risus@yahoo.copl;Rzeszów
;Jonas;Hobbs;48664241847;facilisis@google.com;Wa³brzych
;Xyla;Flynn;48976881878;eu.eros@icloud.com;Piotrków Trybunalski
;Marsden;Davenport;48444296843;nonummy@google.org;Mielec
;Aaron;Harmon;48853458629;porttitor.vulputate@google.com;Jelenia Góra
;Piper;Barnes;48434528127;placerat.velit@yahoo.com;Bydgoszcz
;Wylie;Harrell;48934879876;sem@icloud.net;Olsztyn
;Ashton;Randolph;48513284588;a.aliquet@wp.copl;Siedlce
;Adrienne;Cherry;48286345636;nostra.per.inceptos@hotmail.copl;Zamoœæ
;Clayton;Reese;48745763341;fermentum.metus@wp.org;Piotrków Trybunalski
;Allen;Montgomery;48495819747;imperdiet.erat@hotmail.org;Gliwice
;Oliver;Wright;48381997433;massa@yahoo.com;Suwa³ki
;Chase;Frye;48525721361;quam.quis@outlook.com;Stargard Szczeciñski
;Henry;Fisher;48638687122;erat@icloud.net;Piotrków Trybunalski
;Abigail;Nicholson;48246579548;posuere.cubilia.curae@google.com;Toruñ
;Ivana;Myers;48544786782;et.nunc@hotmail.net;Stalowa Wola
;Libby;Rollins;48674963761;sapien.imperdiet@hotmail.copl;£om¿a
;Amber;Osborn;48166238898;placerat.eget@hotmail.net;Zielona Góra
;Beck;Sexton;48417565743;vivamus.euismod@interia.copl;Wa³brzych
;Jada;Waller;48777987339;quisque.ornare@icloud.com;Mielec
;Pascale;Hudson;48178284625;aenean.eget.metus@yahoo.org;Kielce
;Arden;Sparks;48286824874;curabitur.egestas@hotmail.copl;Kêdzierzyn-KoŸle
;Elton;Williamson;48588687438;purus.nullam.scelerisque@google.com;Bydgoszcz
;Charity;Bates;48425672635;et@yahoo.copl;E³k
;Jemima;Rodriquez;48326728852;sodales.purus.in@hotmail.copl;Olsztyn
;Julian;Cardenas;48972261338;varius.nam.porttitor@hotmail.copl;Gorzów Wielkopolski
;Brianna;Ellis;48772235731;neque.sed@yahoo.copl;£om¿a
;Ursula;Patel;48854285441;ultricies.dignissim@outlook.org;£ódŸ
;Jaquelyn;Shelton;48213187862;sociis.natoque@wp.com;Gorzów Wielkopolski
;Axel;Floyd;48498923475;neque.vitae.semper@outlook.copl;Stargard Szczeciñski
;Frances;Oneil;48681622953;ut@outlook.net;Poznañ
;Conan;Sears;48653271364;nulla@interia.net;£om¿a
;Yetta;Cross;48918371783;quam.dignissim@outlook.net;Gdañsk
;Hadassah;Nicholson;48692728672;ullamcorper@yahoo.copl;Starachowice
;Yen;Baldwin;48382758133;ut@google.org;Tarnów
;Shana;Summers;48576728773;sed@wp.copl;Katowice
;Lydia;Holcomb;48375286337;amet.faucibus.ut@yahoo.net;Jelenia Góra
;Kalia;Hines;48271857534;vestibulum.lorem@interia.copl;Olsztyn
;Damian;Porter;48123172581;ipsum.dolor@google.net;£om¿a
;Brent;Irwin;48222751679;fermentum@interia.com;Bia³a Podlaska
;Clarke;Estrada;48381446726;mauris@yahoo.copl;Radom
;Rae;Vincent;48446492328;penatibus.et@google.net;Rzeszów
;Xavier;Robbins;48344355774;sit@wp.net;Sosnowiec
;Tara;Arnold;48545793658;felis.donec@outlook.net;Gdynia
;Cole;Whitley;48962949632;tempor@wp.com;Starachowice
;Summer;Mercado;48814585217;maecenas@interia.copl;Pabianice
;Jared;Vega;48738782216;sagittis.placerat.cras@wp.copl;Lublin
;Summer;Kramer;48127844245;cursus.integer@yahoo.copl;Opole
;Haley;Santos;48935191785;gravida@google.org;Starachowice
;Imogene;Boyd;48518584412;mollis.dui@google.org;Tarnów
;Lani;Ochoa;48244934727;sociis.natoque@interia.org;Pi³a
;MacKensie;Bird;48294287763;sed@wp.copl;£om¿a
;Kaitlin;Parsons;48295572462;dictum.sapien@hotmail.net;Olsztyn
;Adrienne;Mcfadden;48345235513;eleifend.non.dapibus@wp.com;P³ock
;Jerry;Lucas;48622543568;porta@interia.com;Konin
;Nita;Norris;48597933583;leo.morbi@yahoo.net;Radom
;Tatiana;Hampton;48753334342;ante@yahoo.org;Opole
;Basia;Rosales;48624749497;mauris.elit.dictum@google.copl;Kielce
;Shannon;Richmond;48776228726;in.tincidunt@hotmail.com;Che³m
;Ursa;Walker;48773238884;lectus.pede@google.com;Przemyœl
;Jerry;Rutledge;48252716334;adipiscing.lacus.ut@wp.net;Elbl¹g
;Samantha;Gallagher;48671126597;nec.metus@wp.org;Kraków
;Laith;O'connor;48373436436;aliquam@icloud.com;Siedlce
;Amir;Herman;48398118123;mi.fringilla@interia.com;Wa³brzych
;Beck;Benson;48679753375;pharetra.quisque@icloud.org;Mielec
;Oleg;Yates;48873395416;nec.tempus.mauris@yahoo.org;Suwa³ki
;Dexter;Mcguire;48181277937;odio.auctor@hotmail.com;Bia³ystok
;Cailin;Dunn;48553363881;dis.parturient.montes@interia.net;S³upsk
;Libby;Barlow;48615423333;magna.tellus.faucibus@icloud.copl;Toruñ
;Harlan;Santana;48453633314;ornare@wp.copl;P³ock
;Rudyard;Martin;48464476342;mattis.semper@wp.org;Tarnów
;Ralph;Rhodes;48999333892;lorem.ut@interia.net;Opole
;Bruce;Pitts;48566342235;facilisi@interia.copl;Kêdzierzyn-KoŸle
;Jorden;Alvarez;48748992839;nibh@interia.org;Gdynia
;Chandler;Hendrix;48179478628;in.felis.nulla@wp.org;Zielona Góra
;Cora;Schmidt;48236942266;tempor.diam@yahoo.org;Konin
;Brennan;Blanchard;48751542833;leo@interia.com;Toruñ
;Beck;Petty;48224345614;mauris.aliquam.eu@interia.org;Legnica
;Paul;Salinas;48642689568;aenean@yahoo.copl;Czêstochowa
;Giselle;Serrano;48684729387;sit.amet@google.org;E³k
;Cadman;Wolfe;48483352365;posuere.cubilia.curae@yahoo.net;P³ock
;Lionel;Kane;48952517613;velit@interia.copl;Lublin
;Berk;Reed;48568187825;libero.et@hotmail.copl;Opole
;Wyoming;Moss;48764234633;nunc@yahoo.copl;P³ock
;Noelani;Macdonald;48256243288;aliquet@hotmail.net;Katowice
;Wade;Cabrera;48677327331;fringilla.porttitor.vulputate@outlook.net;Legnica
;Meghan;Savage;48532435733;posuere@icloud.com;Tczew
;Sybill;Donaldson;48375388425;sem.eget@hotmail.com;Kraków
;Kennan;Ford;48358257768;tristique.ac.eleifend@wp.com;Opole
;Lev;Ellison;48277258576;aliquam.adipiscing@interia.copl;Kielce
;Odysseus;Santos;48488887619;ipsum.ac@yahoo.copl;Kraków
;Shelly;Gibson;48285728848;donec@google.com;Konin
;Dante;Casey;48649873552;cras.convallis@interia.net;Suwa³ki
;Athena;Sheppard;48975532219;aliquet@yahoo.copl;Elbl¹g
;Bert;Hooper;48377622657;facilisis.facilisis.magna@outlook.net;Konin
;Alice;Velazquez;48686994775;enim.sed@wp.com;Bydgoszcz
;Stephen;Tanner;48975325735;sem.elit@icloud.org;Katowice
;Jermaine;Case;48487659576;dolor@wp.copl;Warszawa
;Zelenia;Kirby;48748365276;urna.nec@google.copl;Starachowice
;Aidan;Boyle;48847732686;sit.amet.risus@yahoo.copl;Gorzów Wielkopolski
;Elijah;Miles;48257396238;etiam.gravida@yahoo.net;Bydgoszcz
;Sharon;Battle;48894385837;et.nunc@icloud.copl;Jelenia Góra
;Nathaniel;Thomas;48434971954;quisque@hotmail.org;Opole
;Herman;Pugh;48773322176;tellus.sem.mollis@google.com;Koszalin
;Tashya;Robinson;48737256795;ut@hotmail.org;Czêstochowa
;Lois;Barry;48735287233;est.nunc@google.net;Lublin
;Sydney;Newton;48351143578;pellentesque.ultricies.dignissim@wp.copl;Elbl¹g
;Colorado;Whitaker;48542226728;felis.nulla@outlook.com;Zielona Góra
;Lucius;Nicholson;48229154375;nulla.eu@yahoo.org;Opole
;Jason;Mcdonald;48487853726;parturient.montes@icloud.org;Suwa³ki
;Murphy;Rich;48984261882;morbi.accumsan.laoreet@google.com;E³k
;Zia;Sanders;48658488868;neque.in.ornare@google.com;Kielce
;Igor;Burris;48687563962;et.lacinia.vitae@icloud.copl;Warszawa
;Cameron;Vinson;48894441585;justo.praesent@wp.org;Zamoœæ
;Constance;Harris;48157744945;amet@outlook.org;Zielona Góra
;Abigail;Jefferson;48847235247;et.eros@icloud.net;Radom
;Hunter;Foley;48589486412;nibh@outlook.org;£om¿a
;Robert;Roman;48273298235;phasellus.dapibus@icloud.copl;Kêdzierzyn-KoŸle
;Carly;Watson;48399152668;ad.litora.torquent@hotmail.copl;Piotrków Trybunalski
;Ina;Bell;48851456683;integer@outlook.org;Pi³a
;Amir;Rios;48398649396;enim.mauris@wp.copl;Toruñ
;Patrick;Abbott;48553715137;feugiat.placerat@google.com;Kraków
;Emerald;Robinson;48266379564;cursus.purus@yahoo.copl;Gliwice
;Leo;Boyd;48844833623;placerat.orci.lacus@yahoo.net;Bia³ystok
;Sheila;Mooney;48984766884;nulla.integer.vulputate@interia.com;Kraków
;Nell;Baird;48356726241;dis@google.copl;Kêdzierzyn-KoŸle
;Jenna;Jones;48183396177;sit.amet.consectetuer@wp.copl;£om¿a
;Martin;Velez;48613758582;iaculis.enim@icloud.org;Przemyœl
;Giacomo;Quinn;48849635255;non.enim.commodo@interia.org;Tarnów
;Regina;Hurley;48864241445;donec.felis.orci@interia.com;Legnica
;Kyra;Wallace;48838776287;etiam.imperdiet.dictum@wp.org;Pabianice
;Gillian;Sampson;48822146359;eu.metus.in@wp.copl;Mielec
;Elton;Huffman;48498646317;sapien.nunc@interia.org;Kêdzierzyn-KoŸle
;Kasper;Silva;48531533629;luctus.felis@interia.copl;Szczecin
;Donovan;Russo;48694969687;luctus.curabitur@outlook.copl;Mielec
;Sara;Conrad;48846653247;cras.eu@hotmail.copl;Piotrków Trybunalski
;Zahir;Knowles;48857675747;aliquet@google.copl;Bydgoszcz
;Zahir;Randolph;48786669497;nullam.vitae@outlook.net;Katowice
;Ingrid;Moody;48164767613;sodales@yahoo.copl;Siedlce
;Charde;Burt;48152879869;ligula.aenean@hotmail.com;Bydgoszcz
;Eugenia;Potter;48363966848;tincidunt.pede.ac@google.com;Gliwice
;Jamalia;Weiss;48848449639;sed.facilisis@interia.org;Tczew
;Roanna;Summers;48135477444;lobortis@icloud.org;Warszawa
;Alvin;Gross;48389388517;cursus.in.hendrerit@interia.copl;Radom
;Ryan;Salinas;48888638357;etiam@hotmail.org;E³k
;Bevis;Stone;48734364586;sodales.elit.erat@hotmail.com;Che³m
;Edan;Barlow;48696138632;nam@interia.org;Wroc³aw
;Chiquita;Wilson;48276934212;quisque@google.copl;Lublin
;Christopher;Lynn;48781564459;libero@outlook.net;Ostrowiec Œwiêtokrzyski
;Magee;Ortiz;48854346737;nam.interdum.enim@wp.copl;Gdynia
;Hedda;Henry;48246876745;eget@hotmail.net;Bia³a Podlaska
;Cameron;Gardner;48348485846;dolor.fusce@hotmail.org;Suwa³ki
;Jessamine;Cabrera;48322486668;mi.lorem@interia.copl;Bia³ystok
;Christopher;Sloan;48258724826;nunc@interia.com;Czêstochowa
;Jessamine;Villarreal;48662794627;vitae.erat@yahoo.org;Ostrowiec Œwiêtokrzyski
;Adria;Ortiz;48732773735;quis@hotmail.org;Rzeszów
;Robin;Flynn;48782473946;nam.nulla@interia.net;E³k
;Phillip;Martinez;48739876742;sed.et@outlook.org;Gorzów Wielkopolski
;Guy;Reeves;48774495544;eu@wp.org;Bydgoszcz
;Brooke;Olsen;48426592686;aliquam.erat@google.net;Zamoœæ
;Timon;Hebert;48237646314;sollicitudin@yahoo.com;Bia³ystok
;Harrison;Garrett;48732847278;in.condimentum.donec@hotmail.org;Poznañ
;Nathan;Mcpherson;48649958367;vivamus.sit@wp.copl;Opole
;Oscar;Stanley;48829848324;non.arcu@google.org;Lublin
;Lillian;Gibson;48634713584;ornare.facilisis@google.net;Tczew
;Tiger;Morse;48416155842;convallis.in@outlook.net;Kraków
;Cade;Stephens;48387577694;nulla.vulputate.dui@interia.copl;Tarnów
;Sonia;Hodge;48737964393;purus@wp.com;Tczew
;Kirby;Scott;48575643543;nullam@outlook.org;Sosnowiec
;Thomas;Doyle;48142335666;varius.ultrices.mauris@google.org;Bydgoszcz
;Hanna;Colon;48645538156;eleifend.cras@google.copl;Koszalin
;Shay;Merrill;48694537775;non.vestibulum.nec@outlook.net;Jelenia Góra
;Kato;Lara;48668227923;semper.auctor@yahoo.org;£om¿a
;Carissa;Griffith;48392683479;pellentesque.a.facilisis@yahoo.net;Bydgoszcz
;Madaline;Wyatt;48336952496;lacus.ut@outlook.copl;Kêdzierzyn-KoŸle
;Aristotle;Logan;48259786646;magnis.dis@google.org;Radom
;Conan;Glover;48241215599;ante@interia.copl;Katowice
;Chase;Velez;48256476955;faucibus@outlook.copl;Bia³ystok
;Rama;Roach;48448832739;pellentesque.eget.dictum@google.net;Olsztyn
;Marny;Hampton;48568859325;quam.quis@google.net;Olsztyn
;Nicole;Rodriquez;48624313279;at.pede.cras@yahoo.copl;Szczecin
;Blossom;Sykes;48688248781;ipsum.donec.sollicitudin@interia.copl;Ostrowiec Œwiêtokrzyski
;Aretha;Browning;48253285935;fringilla@icloud.com;Bia³a Podlaska
;Luke;Phillips;48263433764;in.tempus@yahoo.copl;Szczecin
;Armando;Orr;48457742882;sed.nulla@wp.copl;Opole
;Tarik;Chase;48275332743;quisque.porttitor.eros@yahoo.copl;Kraków
;Xaviera;Wallace;48545165338;nascetur@interia.copl;Stargard Szczeciñski
;Shaeleigh;Terry;48455756923;varius.orci@google.org;Gorzów Wielkopolski
;Libby;Hardin;48732479765;consectetuer.adipiscing@interia.org;Suwa³ki
;Tanya;Navarro;48865713388;ut.quam@outlook.copl;Sosnowiec
;Connor;Barry;48362764762;justo@wp.org;Katowice
;Price;Ramos;48234277385;sed@yahoo.copl;Ostrowiec Œwiêtokrzyski
;Adara;Bonner;48586764438;ligula.aenean@wp.net;Bydgoszcz
;Amal;Cole;48881736423;ornare.sagittis@yahoo.net;Katowice
;Nigel;Galloway;48973326865;libero.mauris@google.org;Tczew
;Davis;Preston;48796336568;nunc.mauris@yahoo.org;Suwa³ki
;Emerson;Lamb;48765984483;dictum.mi.ac@google.org;Tomaszów Mazowiecki
;Kelly;Herman;48714783795;sit.amet@google.org;Gdañsk
;Cullen;Conway;48462487248;auctor.vitae@hotmail.copl;Gdynia
;Walker;Myers;48916358379;aenean.massa@icloud.net;Zielona Góra
;Gabriel;Goodman;48354274776;libero@interia.copl;P³ock
;Nero;Huber;48398721647;velit@icloud.com;Opole
;Timon;White;48852151877;mauris.eu@google.copl;Mielec
;Anika;Petty;48222133238;sodales.at@interia.org;Tarnów
;Guinevere;Henry;48271164882;arcu.vestibulum.ante@wp.net;Radom
;Susan;Patel;48513323731;ipsum.donec.sollicitudin@google.net;Gliwice
;Jessamine;Duke;48647526532;interdum.sed.auctor@wp.org;Kalisz
;Lacota;Carter;48719235723;nulla@interia.copl;Siedlce
;Phelan;Mayo;48527468859;tortor.integer.aliquam@hotmail.net;Tarnów
;Candice;Cervantes;48564268834;nulla.aliquet@wp.net;Bia³a Podlaska
;Vaughan;Church;48245453637;nec.malesuada@interia.org;Gorzów Wielkopolski
;Shelly;Conway;48636887587;ut.semper@icloud.com;Poznañ
;Kamal;Hurley;48218971287;donec.non@outlook.com;Przemyœl
;Thor;Espinoza;48263257294;dolor.sit@interia.copl;£om¿a
;Yuri;Huffman;48248552955;nulla@wp.copl;Toruñ
;Colt;Camacho;48714578599;leo.elementum@wp.org;Konin
;Hayfa;Adams;48622786273;nonummy.ipsum.non@icloud.org;Zielona Góra
;Xena;Velasquez;48663587625;vitae.risus.duis@interia.net;Tomaszów Mazowiecki
;Tasha;Moran;48389559147;eget.odio@google.org;Mielec
;Tiger;House;48342288486;non@interia.copl;Kraków
;Sybill;Tanner;48523337733;donec.tincidunt@google.com;Koszalin
;Merritt;Lott;48874235458;tempus.risus@hotmail.com;£ódŸ
;Vivian;Dean;48616848945;eget.volutpat.ornare@yahoo.net;Stalowa Wola
;Ulric;Gates;48694265752;parturient.montes@google.org;Kielce
;Bruce;Norris;48952722636;ac.fermentum@outlook.copl;Warszawa
;Noah;Pruitt;48782366145;sagittis@hotmail.net;Tarnów
;Judah;Gordon;48343872441;ultricies@hotmail.com;Stargard Szczeciñski
;Alika;Barrera;48464286686;egestas@google.copl;P³ock
;Anthony;Wong;48983729276;tellus@interia.org;Kêdzierzyn-KoŸle
;Sylvia;Shannon;48575287352;ultricies.ornare@icloud.net;Konin
;Tyrone;Stephenson;48295616998;ornare.fusce.mollis@interia.com;Kêdzierzyn-KoŸle
;Cairo;Mcmillan;48338448711;sed.pharetra@hotmail.copl;E³k
;Lionel;Mills;48433164949;suspendisse.dui@icloud.net;Wroc³aw
;Cherokee;Leonard;48344188424;duis.sit@wp.org;Kielce
;Zahir;Grant;48582552454;orci.ut@icloud.net;Elbl¹g
;Colorado;Villarreal;48687942933;malesuada.fringilla@wp.net;Bia³ystok
;Jillian;Rice;48485436876;integer@icloud.copl;E³k
;Alice;Miranda;48652898359;libero.at.auctor@outlook.copl;Opole
;Rhiannon;Sanchez;48333663229;est.mauris@interia.net;Rzeszów
;Chandler;Marshall;48237766871;rutrum.magna@google.com;Toruñ
;Olympia;Cook;48584964648;erat.nonummy.ultricies@wp.net;Rzeszów
;Mollie;Calderon;48592998626;at.risus@hotmail.net;Gliwice
;Jena;Gill;48383243116;magna.phasellus@google.copl;£ódŸ
;Bianca;Mccall;48566746436;nulla.integer@wp.net;Mielec
;Shelby;Bowers;48824468773;nascetur@outlook.org;Olsztyn
;Isaac;Mayo;48319279717;massa.integer@yahoo.com;Wa³brzych
;Brian;Wagner;48994555668;quam@interia.net;Legnica
;Nehru;Mcintyre;48546283217;vitae.purus@icloud.org;Opole
;Simon;Glass;48461267176;nunc.sit.amet@hotmail.org;Koszalin
;Kennan;Knight;48545194686;sem@wp.net;Warszawa
;Solomon;Hensley;48717847611;duis.sit@hotmail.copl;Suwa³ki
;Ignatius;Davenport;48847568734;rutrum.magna@hotmail.com;Che³m
;Rashad;Alvarado;48397636736;eu.augue@icloud.org;Konin
;Kyra;Shepard;48456836662;morbi.vehicula@google.copl;Bydgoszcz
;Myra;Jenkins;48439158347;gravida.mauris@icloud.com;Tomaszów Mazowiecki
;Victor;Ferrell;48334755177;amet@outlook.net;Kêdzierzyn-KoŸle
;Cora;Kemp;48324474225;nulla.magna@wp.copl;Gdañsk
;Mariam;Ruiz;48397227853;lacus.etiam@google.copl;Suwa³ki
;Ayanna;Goodman;48843862267;volutpat.nunc@hotmail.net;Kraków
;Luke;Crosby;48311151356;donec.dignissim@wp.com;Suwa³ki
;Fulton;Baird;48646989164;ullamcorper@wp.com;Mielec
;Diana;Nicholson;48458942266;lacus.cras@google.net;Starachowice
;Mufutau;Campbell;48232456337;elit@icloud.copl;Zielona Góra
;Leslie;Suarez;48394225717;quis@yahoo.net;Poznañ
;Fulton;Stout;48527246326;libero.mauris.aliquam@wp.net;Siedlce
;Jin;Case;48363289533;sit@yahoo.com;Piotrków Trybunalski
;Dean;Anderson;48343449717;donec.egestas@yahoo.copl;Pabianice
;Ray;Maddox;48463522637;curabitur.sed.tortor@outlook.org;Kraków
;Aurelia;Mcpherson;48258361568;a.odio@outlook.org;Kalisz
;Neville;Hutchinson;48368773612;in.tincidunt@icloud.org;Bia³a Podlaska
;Abbot;Osborne;48656684843;sollicitudin.commodo.ipsum@outlook.com;Stargard Szczeciñski
;Zoe;Wilson;48543282437;nulla.at@yahoo.net;Siedlce
;Calista;Oliver;48412172893;mollis.nec.cursus@google.org;Konin
;Adara;Castro;48918853663;felis.adipiscing.fringilla@google.com;Jelenia Góra
;Mercedes;Mcguire;48231621756;sapien.aenean.massa@yahoo.com;Gliwice
;Katelyn;Grant;48844766334;mauris.elit@yahoo.net;Wroc³aw
;Fleur;Vaughan;48856582578;quisque@google.net;Bydgoszcz
;Quamar;Wagner;48164689394;nunc.sed.libero@icloud.com;£ódŸ
;Zelenia;Chambers;48237386231;ante.bibendum.ullamcorper@outlook.net;Zielona Góra
;Kiona;Wyatt;48755845548;natoque.penatibus@icloud.com;Suwa³ki
;Karen;Mayo;48774666466;hendrerit.a@yahoo.net;S³upsk
;Zahir;Goodman;48761859565;et@outlook.com;Jelenia Góra
;Naomi;Harvey;48677697842;aliquet.phasellus@wp.copl;Przemyœl
;Carolyn;Wise;48864233353;lorem.lorem@hotmail.com;Starachowice
;Steven;Bowers;48475667775;eget@hotmail.org;Czêstochowa
;Avram;Parrish;48625652385;elit@yahoo.com;Czêstochowa
;Barclay;Kirby;48223573269;quisque.fringilla@google.com;Kielce
;Dara;Sanchez;48788864269;nec.tempus@interia.org;Stargard Szczeciñski
;Mannix;Guerrero;48832226538;aliquet.libero@google.org;Stalowa Wola
;Connor;Yang;48877363346;sit@wp.net;Przemyœl
;Magee;Cannon;48652539463;imperdiet.dictum@hotmail.com;Bia³ystok
;Barrett;Richmond;48338857233;vivamus.euismod@outlook.com;Elbl¹g
;Ivory;Hayden;48347777714;nec.mauris@wp.org;Opole
;Dai;Burns;48193692275;eros@hotmail.copl;Kraków
;Dolan;Hess;48593668938;dictum.sapien.aenean@outlook.com;Zielona Góra
;Sophia;Chaney;48573746686;erat.in@icloud.net;Olsztyn
;Thane;Trujillo;48189588434;ullamcorper.nisl.arcu@icloud.com;£om¿a
;Thane;Austin;48215986634;elementum.dui@wp.com;Toruñ
;Sydnee;James;48864582962;vel.sapien.imperdiet@wp.copl;Olsztyn
;Alexis;Pugh;48661932358;pharetra@outlook.com;Gdañsk
;Adara;Roy;48425859243;dolor@outlook.copl;Kalisz
;Athena;Yang;48882139537;ac@icloud.net;Zielona Góra
;Montana;Kramer;48935375582;sollicitudin.a@wp.net;Przemyœl
;Alice;Buck;48748674414;iaculis@wp.com;Gorzów Wielkopolski
;Nolan;Lucas;48698846371;morbi.quis@interia.copl;Siedlce
;Kai;Schmidt;48755477628;dis.parturient@outlook.copl;Starachowice
;Craig;Bright;48887547467;sagittis.semper.nam@outlook.com;P³ock
;Hilary;Ball;48364287626;lacinia.mattis.integer@yahoo.com;P³ock
;Lunea;Cook;48841688454;lorem.fringilla.ornare@hotmail.org;Szczecin
;Deacon;Reilly;48675674982;eros.non@yahoo.org;Bia³ystok
;Jason;Campos;48369518619;urna.ut@hotmail.copl;Zielona Góra
;Paul;Howe;48256984343;nullam@hotmail.com;E³k
;Yeo;Reyes;48473613989;magna.cras@interia.net;Koszalin
;Imelda;Lane;48824265636;lacinia.orci@wp.com;Konin
;Guy;Goodwin;48198114336;non.lacinia@icloud.org;Bydgoszcz
;Reuben;Burke;48782438361;quis@outlook.com;Bydgoszcz
;Giacomo;Warner;48737364341;mauris.vestibulum@outlook.com;Tarnów
;Alden;Hart;48837528356;est.nunc@wp.org;Przemyœl
;Darius;O'Neill;48666382496;malesuada@icloud.org;Elbl¹g
;Ebony;Barlow;48864267798;lacinia.at.iaculis@outlook.com;Stalowa Wola
;Harding;Alexander;48197184793;quis@google.copl;Wroc³aw
;Shellie;Phelps;48253371781;faucibus.orci@outlook.copl;Olsztyn
;Francis;Daugherty;48775873626;ligula.donec@interia.net;Gdañsk
;Thomas;Cummings;48838915724;iaculis@google.copl;Kraków
;Jerome;Pope;48333914463;consequat.enim@outlook.org;Konin
;Julie;Mosley;48277643659;neque@icloud.org;Starachowice
;Tiger;Rodriquez;48454266344;pede.malesuada@yahoo.copl;Gorzów Wielkopolski
;Ulla;Webster;48645413855;arcu.vel.quam@interia.copl;Wa³brzych
;Leonard;Alford;48853175833;venenatis.vel.faucibus@outlook.org;Jelenia Góra
;Nevada;Brock;48267576233;mauris@outlook.copl;Bydgoszcz
;Hope;Olsen;48646863338;a@icloud.org;Koszalin
;Judah;Gillespie;48462135389;dui@google.org;Tomaszów Mazowiecki
;Fuller;Todd;48392222213;tristique.ac@yahoo.net;Koszalin
;Joshua;Petty;48274155485;dictum.phasellus@hotmail.com;Zielona Góra
;Gwendolyn;Olsen;48219672474;odio@icloud.org;Wa³brzych
;Travis;Morrow;48444463368;gravida.mauris@google.copl;Ostrowiec Œwiêtokrzyski
;Bert;Fletcher;48776266227;per.conubia@icloud.net;Elbl¹g
;Mannix;Wood;48824654387;nec.leo.morbi@wp.com;Legnica
;Kane;Mullen;48983916756;tincidunt@wp.org;Kêdzierzyn-KoŸle
;Eugenia;Walton;48529558612;ac.libero@icloud.net;Gorzów Wielkopolski
;Yasir;Orr;48821348356;magna.a.neque@yahoo.org;Radom
;Basil;Benjamin;48433638714;pharetra.nam@yahoo.com;Che³m
;Jerome;Sloan;48729736664;semper@wp.copl;Opole
;Dahlia;Armstrong;48288778643;adipiscing.fringilla@hotmail.copl;Bia³a Podlaska
;Amena;Curry;48877457978;enim.sit.amet@icloud.copl;Przemyœl
;Winter;Tucker;48646685888;dui@hotmail.org;Elbl¹g
;Tara;Morse;48987253852;sit.amet@outlook.copl;£om¿a
;Echo;Mathews;48375235289;ultrices.a@interia.net;Katowice
;Holly;Nielsen;48645482655;fusce@interia.copl;Che³m
;Castor;Cannon;48337442258;fusce.mi@google.net;Gorzów Wielkopolski
;Jermaine;Beasley;48776526824;aliquam@outlook.net;Stargard Szczeciñski
;Warren;Sutton;48871635452;lacus.quisque.imperdiet@yahoo.com;P³ock
;Barclay;Lawrence;48855514348;vel.lectus@hotmail.org;Lublin
;Hiram;Knox;48556773356;fringilla@outlook.org;P³ock
;Thaddeus;Shaw;48382947796;pellentesque.sed.dictum@hotmail.com;Tarnów
;Uriel;French;48723471675;et@google.copl;Stalowa Wola
;Trevor;Decker;48629328517;mus@wp.net;Kêdzierzyn-KoŸle
;Emerald;Joyce;48273979412;odio.nam.interdum@icloud.org;Opole
;Calista;Downs;48165932766;libero.dui@wp.net;Kielce
;Lacy;Jacobson;48593639447;aliquam.gravida@wp.net;Kalisz
;Irene;Cobb;48464381349;ut.erat@yahoo.org;Kalisz
;Farrah;Gross;48527876221;aliquam@yahoo.com;Czêstochowa
;Harding;Winters;48275444817;metus.aliquam@outlook.org;Che³m
;Rinah;Alford;48283647595;hendrerit@wp.com;Kêdzierzyn-KoŸle
;Dieter;Daniel;48228784316;pede.nec@yahoo.net;Koszalin
;Mollie;Riley;48772426768;in@outlook.net;Warszawa
;Stephanie;Kline;48361517995;lorem.auctor.quis@interia.copl;Suwa³ki
;Lacy;Holder;48649614319;lorem.vehicula@yahoo.net;Zielona Góra
;Kennan;Berry;48335277238;mauris@outlook.com;£om¿a
;Risa;Fischer;48949548885;erat.vitae@interia.com;Kraków
;Tucker;Winters;48624463743;donec.vitae.erat@outlook.com;Zielona Góra
;Anastasia;Lindsay;48337385692;sodales.mauris.blandit@icloud.org;P³ock
;Guinevere;Simmons;48695926493;elit.pretium.et@yahoo.org;Stalowa Wola
;Shellie;Sims;48134528728;aliquam@yahoo.net;E³k
;Alfonso;Giles;48688647448;quis@outlook.com;Opole
;Hasad;Potts;48442867377;lorem.ipsum@hotmail.copl;Legnica
;Mark;Buckley;48573366729;at.pede@icloud.copl;Gdynia
;Henry;Jordan;48433822867;adipiscing.mauris@outlook.copl;Katowice
;Seth;Vaughan;48886646397;magna@hotmail.copl;Gorzów Wielkopolski
;Lucius;Joyner;48614925866;tempor@wp.copl;Bia³a Podlaska
;Burke;Benton;48795594819;sit.amet@wp.copl;Wroc³aw
;Aladdin;Maxwell;48848437839;dapibus.rutrum.justo@outlook.com;Gliwice
;Castor;Fletcher;48391622766;adipiscing.elit@yahoo.net;Gliwice
;Omar;Berg;48936316312;nibh.quisque@google.org;Lublin
;Audra;Hardin;48966457777;eget.ipsum@hotmail.org;Gliwice
;Dieter;Gregory;48592592726;venenatis.lacus@yahoo.org;Gdañsk
;Sheila;Compton;48167886435;dolor.vitae@google.org;Sosnowiec
;Eleanor;Manning;48445376843;duis.gravida.praesent@interia.copl;Pi³a
;Wyatt;Bonner;48252154967;tempor.arcu@outlook.com;Ostrowiec Œwiêtokrzyski
;Scott;Velazquez;48788726427;auctor.nunc@outlook.copl;Gorzów Wielkopolski
;Kylan;Mckinney;48697117586;duis.sit@interia.org;Che³m
;Aurora;Harrell;48415922772;semper.egestas@icloud.net;Przemyœl
;Burton;Hicks;48662995172;vivamus@icloud.copl;Elbl¹g
;Travis;Branch;48872124648;interdum.sed.auctor@interia.net;Zielona Góra
;Lois;Rogers;48692738763;dis.parturient@outlook.com;Jelenia Góra
;Tanya;Hood;48431252166;vestibulum.ante.ipsum@outlook.org;Koszalin
;Chadwick;Whitaker;48266967621;senectus.et.netus@wp.org;Piotrków Trybunalski
